INSERT INTO jungle_slam.`groups` (name,workspace_id) VALUES
     ('정글8기',1),
     ('307',1),
     ('Frontend',1),
     ('Backend',1);

INSERT INTO jungle_slam.group_members (group_id,user_id,user_name) VALUES
    (1, UNHEX('AAAAAAAAAAAAAAAAAAAAAAAAAAAAAAAA'), '이재웅'),
    (2, UNHEX('AAAAAAAAAAAAAAAAAAAAAAAAAAAAAAAA'), '이재웅'),
    (3, UNHEX('AAAAAAAAAAAAAAAAAAAAAAAAAAAAAAAA'), '이재웅'),
    (1, UNHEX('05EA49CFD91F41A0BE63CACE1718DE71'), '안유진'),
    (2, UNHEX('05EA49CFD91F41A0BE63CACE1718DE71'), '안유진'),
    (4, UNHEX('05EA49CFD91F41A0BE63CACE1718DE71'), '안유진'),
    (1, UNHEX('CCCCCAAAAAAAAAAAAAAAAAAAAAAAAAAA'), '김윤석'),
    (2, UNHEX('CCCCCAAAAAAAAAAAAAAAAAAAAAAAAAAA'), '김윤석'),
    (4, UNHEX('CCCCCAAAAAAAAAAAAAAAAAAAAAAAAAAA'), '김윤석'),
    (1, UNHEX('CCCCCAAAAAAAAAAAAAAAAAAAAAAADDDD'), '신명훈'),
    (2, UNHEX('CCCCCAAAAAAAAAAAAAAAAAAAAAAADDDD'), '신명훈'),
    (3, UNHEX('CCCCCAAAAAAAAAAAAAAAAAAAAAAADDDD'), '신명훈'),
    (1, UNHEX('CCCCCAAAAAAAAAAAAAAAAEEAAAAADDDD'), '이찬석'),
    (2, UNHEX('CCCCCAAAAAAAAAAAAAAAAEEAAAAADDDD'), '이찬석'),
    (4, UNHEX('CCCCCAAAAAAAAAAAAAAAAEEAAAAADDDD'), '이찬석'),
    (1, UNHEX('CCCCCAAAAAAAAAABBBAAAEEAAAAADDDD'), '박은채'),
    (2, UNHEX('CCCCCAAAAAAAAAABBBAAAEEAAAAADDDD'), '박은채'),
    (3, UNHEX('CCCCCAAAAAAAAAABBBAAAEEAAAAADDDD'), '박은채');

INSERT INTO jungle_slam.messages (tab_id,sender_id,content,is_updated,sender_name) VALUES
(2, UNHEX('CCCCCAAAAAAAAAABBBAAAEEAAAAADDDD'), '질문이 있습니다', 0, '박은채'),
(1, UNHEX('8430DCCE5C1411F0A6350242AC110002'), '안녕하십니까 정글러 여러분~ 다음주 월,화요일 코치 커피챗 신청을 원하시는 분들은 링크에 접속하신후 신청룰을 참고하여 기입 부탁드립니다.', 0, '이동석코치님'),
(14, UNHEX('AAAAAAAAAAAAAAAAAAAAAAAAAAAAAAAA'), '나 차은우임', 0, '이재웅'),
(1, UNHEX('CEF6C2175C1711F0A8650242AC110002'), '교육 현장 점검 종료 됐습니다.', 0, '유윤선코치님'),
(15, UNHEX('CCCCCAAAAAAAAAABBBAAAEEAAAAADDDD'), '안녕', 0, '박은채'),
(16, UNHEX('AAAAAAAAAAAAAAAAAAAAAAAAAAAAAAAA'), '오늘 9시에 10+@K 달리기 합니다. 참석자 이모지 달아줘.', 0,'이재웅'),
(16, UNHEX('CCCCCAAAAAAAAAAAAAAAAAAAAAAADDDD'), '참석', 0, '신명훈'),
(2, UNHEX('CCCCCAAAAAAAAAAAAAAAAAAAAAAADDDD'), '점검 몇 시에 끝날까요?', 0, '신명훈'),
(15, UNHEX('CCCCCAAAAAAAAAAAAAAAAAAAAAAADDDD'), '안녕~ 반가워~', 0, '신명훈'),
(3, UNHEX('8430DCCE5C1411F0A6350242AC110002'), '외워서 푸는 건 한계가 있어요. 원리를 알고 코드를 짜면 언젠가 분명히 실력이 폭발합니다.', 0, '이동석코치님'),
(3, UNHEX('CCCCCAAAAAAAAAAAAAAAAAAAAAAADDDD'), '넵, 감사합니다', 0, '신명훈'),
(13, UNHEX('CCCCCAAAAAAAAAAAAAAAAAAAAAAADDDD'), 'sdfsf', 0, '신명훈'),
(60, UNHEX('CCCCCAAAAAAAAAAAAAAAAEEAAAAADDDD'), '안녕', 0, '이찬석'),
(25, UNHEX('CCCCCAAAAAAAAAAAAAAAAAAAAAAAAAAA'), '오늘 농구 기?', 0, '김윤석'),
(3, UNHEX('CCCCCAAAAAAAAAABBBAAAEEAAAAADDDD'), '넵, 감사합니다', 0, '박은채'),
(16, UNHEX('CCCCCAAAAAAAAAABBBAAAEEAAAAADDDD'), '참석', 0, '박은채'),
(60, UNHEX('CCCCCAAAAAAAAAABBBAAAEEAAAAADDDD'), '안녕', 0, '박은채'),
(2, UNHEX('CCCCCAAAAAAAAAABBBAAAEEAAAAADDDD'), '질문이 있습니다', 0, '박은채'),
(2, UNHEX('CCCCCAAAAAAAAAABBBAAAEEAAAAADDDD'), '이거 왜 바로바로 안 보내지죠?', 0, '박은채'),
(1, UNHEX('8430DCCE5C1411F0A6350242AC110002'), '식당 운영 관련 정책 리마인드 및 음식물 쓰레기 최소화를 위한 협조 요청\n-외부음식은 20시 이후에만 식당에서 취식 가능합니다(단, 일요일은 종일 가능). 외부음식 취식 관련 정책을 반드시 준수하여 주세요.\n 식당에서 배출되는 음식물 쓰레기 최소화를 위해, 10인 이상의 회식(외부 식당 이용 또는 배달 음식 취식)이 예정되어 있을 경우 1일 전까지 코치진 또는 운영팀에 알려 주시기 바랍니다.',0,'이동석코치님'),
(1,UNHEX('CEF6C2175C1711F0A8650242AC110002'), '안녕하십니까 정글러 여러분\n 다음주 월,화요일 코치 커피챗 신청을 원하시는 분들은 링크 에 접속 후 신청룰을 참고하여 기입 부탁드립니다.',0,'유윤선코치님'),
(16,UNHEX('CCCCCAAAAAAAAAAAAAAAAEEAAAAADDDD'),'참석',0,'이찬석'),
(2,UNHEX('CEF6C2175C1711F0A8650242AC110002'),'점검은 14:00 ~ 15:00 까지 진행될 예정입니다. 불편을 드려서 죄송합니다 ',0,'유윤선코치님'),
(2,UNHEX('CCCCCAAAAAAAAAAAAAAAAEEAAAAADDDD'),'혹시 예비군 관련서류는 어떻게 진행하면 될까요',0,'이찬석'),
(2,UNHEX('CCCCCAAAAAAAAAAAAAAAAEEAAAAADDDD'),'넵 감사합니다!',0,'이찬석'),
(129,UNHEX('AAAAAAAAAAAAAAAAAAAAAAAAAAAAAAAA'),'김윤석은 리프레쉬 토큰 고치는 중',0,'이재웅'),
(129,UNHEX('CCCCCAAAAAAAAAAAAAAAAAAAAAAAAAAA'),'혹시 지금은?',0,'김윤석'),
(1,UNHEX('8430DCCE5C1411F0A6350242AC110002'),'307호는 301호의 발표가 늦어져서 지연될 예정이니 참고해주시면 감사하겠습니다. 다들 열심히 준비해주세요!',0,'이동석코치님'),
(1,UNHEX('8430DCCE5C1411F0A6350242AC110002'),'실력다지기 발표 자료 제출 안하신 분들이 아직 많습니다. 금일 발표 자료 제출 해 주세요',0,'이동석코치님'),
(1,UNHEX('8430DCCE5C1411F0A6350242AC110002'),'금일 오후 일정 30분 연기 하겠습니다. 1시 30분 : 301, 306호 아이디어 발표 2시 30분 :  307호 아이디어 발표 ',0,'이동석코치님'),
(1,UNHEX('CCCCCAAAAAAAAAAAAAAAAEEAAAAADDDD'),'안녕하십니까 정글러 여러분\n다음주 월,화요일 코치 커피챗 신청을 원하시는 분들은 링크 에 접속 후 신청룰을 참고하여 기입 부탁드립니다.',0,'유윤선코치님'),
(1,UNHEX('CCCCCAAAAAAAAAAAAAAAAEEAAAAADDDD'),'[긴급 공지] 누수 관련 점검 및 조치로 인해 지하 1층 식당 및 정글스테이지 방면 출입구를 일시적으로 폐쇄합니다\n     불편하시겠지만 다른 출입구를 이용하여 주시기 바랍니다.',0,'유윤선코치님'),
(1,UNHEX('8430DCCE5C1411F0A6350242AC110002'),'크래프톤 Culture팀 구성원 과의 티타임 공지 합니다\n일시 : 08/01(금) 오전 11시 ~ 11시 50분\n장소 : 정글 캠퍼스 곳곳(최초 집결장소 : 캠퍼스 1층 라운지)\n참여 구성원 : HR 분야 다양한 경력을 지닌 現 크래프톤 Culture팀 소속 구성원\n참석인원 : 최대 10명\n진행방식 : 교육생 4~5명과 구성원 1명 매칭 후 가벼운 티타임 진행\n주제 : 조직문화와 회사 생활 등에 대해 자유로운 질의응답\n모집 기간 : ~ 08/01 (금)\n 조직문화, 일반적인 비즈니스 매너, 크래프톤의 문화 및 회사 생활 전반 등을 확인 해 볼 수 있는 좋은 기회입니다.',0,'이동석코치님'),
(1,UNHEX('CCCCCAAAAAAAAAAAAAAAAEEAAAAADDDD'),'지난 4월에 진행한 1차 운동 이벤트(턱걸이 챌린지)에 이어, 교육생 여러분들의 의견을 수렴하여 2차 이벤트를 준비하였습니다\n다음과 같이 안내드리오니 많은 관심과 참여 바랍니다.\n\n\n\n🏀 농구 슛대결 참가 안내 🏀\n\n각 교육장의 명예를 건 치열한 슛 대결이 시작됩니다!\n\n\n\n✅ 참가 신청 안내\n\n- 교육장별 1개 팀만 신청 가능\n\n- 운영진도 1팀 출전 예정\n\n- 참가 엔트리: 총 5명 (남성 4명, 여성 1명) 제출 필수\n\n- 실제 출전은 남성 3명 + 여성 1명\n\n- 제외되는 남성 1명은 당일 상대팀에서 선택\n\n- 신청 마감: 6/18(수) 오후 4시까지\n\n- 신청 방법: 본 스레드에 댓글(예: 000호 교육장 김OO, 이OO, 박OO, 최OO, 정OO 참가합니다.)\n\n\n\n⏱️ 경기 방식\n\n- 일시 및 장소: 6/25(수) 00, 캠퍼스 농구 코트\n\n- 우천 시 일정 조정\n\n- 제한시간: 2분\n\n- 진행 순서: 팀 내 사전 순번에 따라 순서대로 슛 시도\n\n- 슛 위치:\n\n• 남성: 3점 라인 어디서든 가능\n\n• 여성: 자유투 라인\n\n- 농구공: 제한 없음\n\n- 리바운드 및 패스는 출전한 4명 내에서 자율적으로 운영\n\n- 동점팀 발생 시 남-여-남-여 방식으로 자유투 서든데스\n\n\n\n🏆 우승팀 혜택\n\n- 1인당 2만 원 이내 회식비 지원\n\n- 단, 캠퍼스 내 배달 음식 주문에 한함\n\n- 운영진 팀 포함하여 1개 팀 선정\n\n\n\n우승의 영광과 회식비는 여러분의 손에 달려 있습니다.\n\n\n\n🔥 뜨거운 승부, 지금 도전하세요! 🔥',0,'유윤선코치님'),
(2, UNHEX('CCCCCAAAAAAAAAAAAAAAAEEAAAAADDDD'), '<증명서 요청 방법>\n\n성명, 생년월일, 참여 과정명 (예: 홍길동, 2000.01.01, 정글 8기)\n문서 발급 사유 (예: 예비군 훈련 연기, 실업급여 지급 증빙, 교육참여 확인서)\n문서 제출처 (예: 예비군 동대, 고용센터)\n문서상 반드시 포함되어야 하는 내용 기재 (예: ① 이름, ② 생년월일, ③ 참여 과정명, ④ MM.DD ~ MM.DD 기간의 출석기록)\n제출처에서 요구하는 양식이 있을 경우 첨부\n위 내용 작성 후 이메일로 신청 바랍니다.\n정글: jungle@krafton.com\n게임랩: junglegamelab@krafton.com\n게임테크랩: junglegametechlab@krafton.com\n\n\n\n참고하시기 바랍니다!', 0, '유윤선코치님'),
(1, UNHEX('8430DCCE5C1411F0A6350242AC110002'), '디스코드 초대링크입니다\n\nhttps://discord.gg/jqaYP7rP56\n\n[성공적인 나만무를 위한 크래프톤 정글 3기 민상기님의 조언]\n\n나만무 프로젝트를 들고 약 20여 곳의 면접을 본 경험을 바탕으로 제 의견을 공유합니다. 참고로 저는 주로 소규모 스타트업 위주로 면접에 참여한 점 참고 부탁드립니다.\n\n어투는 다소 확정적이지만, 매우 주관적인 의견임을 사전에 말씀드립니다.\n\n저와 다른 의견도 언제든지 환영합니다.🤗\n\n...\n\n- 난 백엔드 개발자 할거니까 React몰라도 되겠지? -> (소규모 스타트업 한정) 저는 첫 커리어를 Node 백엔드 개발자로 입사했지만 입사 후에는 파이썬 백엔드, C++ 라이브러리 개발, Vue, Flutter, Node를 모두 다뤄야 했습니다.', 0, '이동석코치님'),
(1,UNHEX('8430DCCE5C1411F0A6350242AC110002'),'3시 20분 부터 307호 발표 시작합니다.',0,'이동석코치님'),
(138,UNHEX('CCCCCAAAAAAAAAABBBAAAEEAAAAADDDD'),'코치님 안녕하세요?',0,'박은채'),
(139,UNHEX('CCCCCAAAAAAAAAABBBAAAEEAAAAADDDD'),'유윤선코치님 안녕하세요',0,'박은채'),
(139,UNHEX('CCCCCAAAAAAAAAABBBAAAEEAAAAADDDD'),'안녕하세요?',0,'박은채'),
(139,UNHEX('CCCCCAAAAAAAAAABBBAAAEEAAAAADDDD'),'반갑습니다',0,'박은채'),
(140,UNHEX('CCCCCAAAAAAAAAABBBAAAEEAAAAADDDD'),'내꺼지롱',0,'박은채'),
(159,UNHEX('CCCCCAAAAAAAAAABBBAAAEEAAAAADDDD'),'하이',0,'박은채'),
(2,UNHEX('CCCCCAAAAAAAAAABBBAAAEEAAAAADDDD'),'안녕하세요!',0,''),
(2,UNHEX('CCCCCAAAAAAAAAABBBAAAEEAAAAADDDD'),'질문이 있습니다!',0,''),
(26,UNHEX('CCCCCAAAAAAAAAABBBAAAEEAAAAADDDD'),'전체 공지입니다',0,''),
(1,UNHEX('CCCCCAAAAAAAAAABBBAAAEEAAAAADDDD'),'네 알겠습니다',0,''),
(2,UNHEX('CCCCCAAAAAAAAAABBBAAAEEAAAAADDDD'),'사실 없습니다',0,''),
(179,UNHEX('CCCCCAAAAAAAAAABBBAAAEEAAAAADDDD'),'테스트입니다',0,''),
(178,UNHEX('CCCCCAAAAAAAAAABBBAAAEEAAAAADDDD'),'안녕하세요',0,''),
(179,UNHEX('CCCCCAAAAAAAAAABBBAAAEEAAAAADDDD'),'날짜와 시간은 잘 뜨나요?',0,''),
(179,UNHEX('CCCCCAAAAAAAAAABBBAAAEEAAAAADDDD'),'아니네요',0,''),
(179,UNHEX('CCCCCAAAAAAAAAABBBAAAEEAAAAADDDD'),'안녕하세요',0,''),
(1,UNHEX('CCCCCAAAAAAAAAABBBAAAEEAAAAADDDD'),'이모지 보내지나요 😶',0,''),
(1,UNHEX('CCCCCAAAAAAAAAABBBAAAEEAAAAADDDD'),'🐿️',0,''),
(1,UNHEX('CCCCCAAAAAAAAAABBBAAAEEAAAAADDDD'),'```안녕```',0,''),
(1,UNHEX('CCCCCAAAAAAAAAABBBAAAEEAAAAADDDD'),'굵게 기울임꼴 취소선',0,''),
(1,UNHEX('CCCCCAAAAAAAAAABBBAAAEEAAAAADDDD'),'<p><strong>굵게</strong><br><em>기울임꼴</em></p><p><br><s>취소선</s></p>',0,''),
(1,UNHEX('CCCCCAAAAAAAAAABBBAAAEEAAAAADDDD'),'<p></p><p></p>',0,''),
(1,UNHEX('CCCCCAAAAAAAAAABBBAAAEEAAAAADDDD'),'<p>안녕하세요~</p><p></p>',0,''),
(1,UNHEX('CCCCCAAAAAAAAAABBBAAAEEAAAAADDDD'),'<p><strong>굵은 글씨 잘 보내지나요</strong></p><p></p>',0,''),
(1,UNHEX('CCCCCAAAAAAAAAABBBAAAEEAAAAADDDD'),'<p><em>기울임꼴</em></p><p></p>',0,''),
(1,UNHEX('CCCCCAAAAAAAAAABBBAAAEEAAAAADDDD'),'<p><s>취소선</s></p><p></p>',0,''),
(1,UNHEX('CCCCCAAAAAAAAAABBBAAAEEAAAAADDDD'),'<p>😶</p><p></p>',0,''),
(1,UNHEX('CCCCCAAAAAAAAAABBBAAAEEAAAAADDDD'),'<p><code>print("안뇽")</code></p><p></p>',0,''),
(1,UNHEX('CCCCCAAAAAAAAAABBBAAAEEAAAAADDDD'),'<pre><code>print("''이건 코드블록이당")</code></pre>',0,''),
(1,UNHEX('CCCCCAAAAAAAAAABBBAAAEEAAAAADDDD'),'```코드블록 ```',0,''),
(1,UNHEX('05EA49CFD91F41A0BE63CACE1718DE71'),'안녕?',0,''),
(1,UNHEX('CCCCCAAAAAAAAAAAAAAAAAAAAAAAAAAA'),'네네~~~~',0,''),
(1,UNHEX('CCCCCAAAAAAAAAAAAAAAAAAAAAAAAAAA'),'안녕하세요~~~~',0,''),
(1,UNHEX('CCCCCAAAAAAAAAAAAAAAAEEAAAAADDDD'),'안녕하세요',0,'');

INSERT INTO jungle_slam.refresh_tokens (id,user_id,token,user_name) VALUES
     (UNHEX('0575F69EA7584D10B33A8E7E6A135580'),UNHEX('AAAAAAAAAAAAAAAAAAAAAAAAAAAAAAAA'),'eyJhbGciOiJIUzI1NiIsInR5cCI6IkpXVCJ9.eyJ1c2VyX2lkIjoiYWFhYWFhYWFhYWFhYWFhYWFhYWFhYWFhYWFhYWFhYWEiLCJlbWFpbCI6ImlhbWxlZTEwM0BnbWFpbC5jb20iLCJleHAiOjE3NTIwMTgwOTF9.cT61XkdJtubGSs97dzhffc3St57XClxZDOfP-3oI6SU','이재웅'),
     (UNHEX('098D09BFF5BF4DAB934807BD3447EAFA'),UNHEX('CCCCCAAAAAAAAAAAAAAAAAAAAAAADDDD'),'eyJhbGciOiJIUzI1NiIsInR5cCI6IkpXVCJ9.eyJ1c2VyX2lkIjoiY2NjY2NhYWFhYWFhYWFhYWFhYWFhYWFhYWFhYWRkZGQiLCJlbWFpbCI6Imlyb290dzExQGdtYWlsLmNvbSIsImV4cCI6MTc1MTk5NTkyOH0.rH-cy_gmrMl7YNFSP6aT5zUfP_-6NR7cljQ8Fy1qyTM','신명훈'),
     (UNHEX('11CC267E96A64C03AE2C952418964973'),UNHEX('05EA49CFD91F41A0BE63CACE1718DE71'),'eyJhbGciOiJIUzI1NiIsInR5cCI6IkpXVCJ9.eyJ1c2VyX2lkIjoiMDVlYTQ5Y2ZkOTFmNDFhMGJlNjNjYWNlMTcxOGRlNzEiLCJlbWFpbCI6ImFuZXdqZWFuMDBAZ21haWwuY29tIiwiZXhwIjoxNzUxOTk2NzUyfQ.VH-gFKU81kz-I9JZQkre0ZABcR_kuMy4T567pWlK5PI','안유진'),
     (UNHEX('25D91D460E2C4C2285A57AF80C807135'),UNHEX('CCCCCAAAAAAAAAAAAAAAAEEAAAAADDDD'),'eyJhbGciOiJIUzI1NiIsInR5cCI6IkpXVCJ9.eyJ1c2VyX2lkIjoiY2NjY2NhYWFhYWFhYWFhYWFhYWFhZWVhYWFhYWRkZGQiLCJlbWFpbCI6ImRsOTcwNHRqckBnbWFpbC5jb20iLCJleHAiOjE3NTIwMzA3NTF9.6ZsliZl7KOKYONciw1rtv8gSEn9h3IbcToac1a4nX9c','이찬석'),
     (UNHEX('2A49505F1EAE4497884853841BBD9CBD'),UNHEX('CCCCCAAAAAAAAAABBBAAAEEAAAAADDDD'),'eyJhbGciOiJIUzI1NiIsInR5cCI6IkpXVCJ9.eyJ1c2VyX2lkIjoiY2NjY2NhYWFhYWFhYWFhYmJiYWFhZWVhYWFhYWRkZGQiLCJlbWFpbCI6Imdoa3FoMDlAZ21haWwuY29tIiwiZXhwIjoxNzUxOTk0Njk0fQ.RRQM3h4L8k5aoA9CihRYOkA9GBVmsOzubfVoQY9Cs8s','박은채'),
     (UNHEX('88C4B0EA5BFF11F0A1F20242AC110002'),UNHEX('CCCCCAAAAAAAAAAAAAAAAAAAAAAAAAAA'),'eyJhbGciOiJIUzI1NiIsInR5cCI6IkpXVCJ9.eyJ1c2VyX2lkIjoiY2NjY2NhYWFhYWFhYWFhYmJiYWFhZWVhYWFhYWRkZGQiLCJlbWFpbCI6Imdoa3FoMDlAZ21haWwuY29tIiwiZXhwIjoxNzUxOTk0Njk0fQ.RRQM3h4L8k5aoA9CihRYOkA9GBVmsOzubfVoQY9Cs8s', '김윤석');

INSERT INTO jungle_slam.roles (name, workspace_id, announce, course, channel) VALUES
     ('Admin',1,1,1,1),
     ('Coach',1,1,1,1),
     ('Jungler',1,0,0,1),
     ('Guest',1,0,0,0);

INSERT INTO jungle_slam.sections (id,workspace_id,name) VALUES
     (1,1,'Announcements'),
     (2,1,'Courses'),
     (3,1,'Channels'),
     (4,1,'Direct Messages');

INSERT INTO jungle_slam.tab_members (workspace_id,user_id,tab_id,user_name) VALUES
     (1,UNHEX('05EA49CFD91F41A0BE63CACE1718DE71'),1,'안유진'),
     (1,UNHEX('AAAAAAAAAAAAAAAAAAAAAAAAAAAAAAAA'),1,'이재웅'),
     (1,UNHEX('CCCCCAAAAAAAAAAAAAAAAAAAAAAAAAAA'),1,'김윤석'),
     (1,UNHEX('CCCCCAAAAAAAAAAAAAAAAAAAAAAADDDD'),1,'신명훈'),
     (1,UNHEX('CCCCCAAAAAAAAAAAAAAAAEEAAAAADDDD'),1,'이찬석'),
     (1,UNHEX('CCCCCAAAAAAAAAABBBAAAEEAAAAADDDD'),1,'박은채'),
     (1,UNHEX('05EA49CFD91F41A0BE63CACE1718DE71'),2,'안유진'),
     (1,UNHEX('AAAAAAAAAAAAAAAAAAAAAAAAAAAAAAAA'),2,'이재웅'),
     (1,UNHEX('CCCCCAAAAAAAAAAAAAAAAAAAAAAAAAAA'),2,'김윤석'),
     (1,UNHEX('CCCCCAAAAAAAAAAAAAAAAAAAAAAADDDD'),2,'신명훈'),
     (1,UNHEX('CCCCCAAAAAAAAAAAAAAAAEEAAAAADDDD'),2,'이찬석'),
     (1,UNHEX('CCCCCAAAAAAAAAABBBAAAEEAAAAADDDD'),2,'박은채'),
     (1,UNHEX('05EA49CFD91F41A0BE63CACE1718DE71'),3,'안유진'),
     (1,UNHEX('AAAAAAAAAAAAAAAAAAAAAAAAAAAAAAAA'),3,'이재웅'),
     (1,UNHEX('CCCCCAAAAAAAAAAAAAAAAAAAAAAAAAAA'),3,'김윤석'),
     (1,UNHEX('CCCCCAAAAAAAAAAAAAAAAAAAAAAADDDD'),3,'신명훈'),
     (1,UNHEX('CCCCCAAAAAAAAAAAAAAAAEEAAAAADDDD'),3,'이찬석'),
     (1,UNHEX('CCCCCAAAAAAAAAABBBAAAEEAAAAADDDD'),3,'박은채'),
     (1,UNHEX('05EA49CFD91F41A0BE63CACE1718DE71'),4,'안유진'),
     (1,UNHEX('AAAAAAAAAAAAAAAAAAAAAAAAAAAAAAAA'),4,'이재웅'),
     (1,UNHEX('CCCCCAAAAAAAAAAAAAAAAAAAAAAAAAAA'),4,'김윤석'),
     (1,UNHEX('CCCCCAAAAAAAAAAAAAAAAAAAAAAADDDD'),4,'신명훈'),
     (1,UNHEX('CCCCCAAAAAAAAAAAAAAAAEEAAAAADDDD'),4,'이찬석'),
     (1,UNHEX('CCCCCAAAAAAAAAABBBAAAEEAAAAADDDD'),4,'박은채'),
     (1,UNHEX('05EA49CFD91F41A0BE63CACE1718DE71'),5,'안유진'),
     (1,UNHEX('AAAAAAAAAAAAAAAAAAAAAAAAAAAAAAAA'),5,'이재웅'),
     (1,UNHEX('CCCCCAAAAAAAAAAAAAAAAAAAAAAAAAAA'),5,'김윤석'),
     (1,UNHEX('CCCCCAAAAAAAAAAAAAAAAAAAAAAADDDD'),5,'신명훈'),
     (1,UNHEX('CCCCCAAAAAAAAAAAAAAAAEEAAAAADDDD'),5,'이찬석'),
     (1,UNHEX('CCCCCAAAAAAAAAABBBAAAEEAAAAADDDD'),5,'박은채'),
     (1,UNHEX('05EA49CFD91F41A0BE63CACE1718DE71'),6,'안유진'),
     (1,UNHEX('AAAAAAAAAAAAAAAAAAAAAAAAAAAAAAAA'),6,'이재웅'),
     (1,UNHEX('CCCCCAAAAAAAAAAAAAAAAAAAAAAAAAAA'),6,'김윤석'),
     (1,UNHEX('CCCCCAAAAAAAAAAAAAAAAAAAAAAADDDD'),6,'신명훈'),
     (1,UNHEX('CCCCCAAAAAAAAAAAAAAAAEEAAAAADDDD'),6,'이찬석'),
     (1,UNHEX('CCCCCAAAAAAAAAABBBAAAEEAAAAADDDD'),6,'박은채'),
     (1,UNHEX('05EA49CFD91F41A0BE63CACE1718DE71'),7,'안유진'),
     (1,UNHEX('AAAAAAAAAAAAAAAAAAAAAAAAAAAAAAAA'),7,'이재웅'),
     (1,UNHEX('CCCCCAAAAAAAAAAAAAAAAAAAAAAAAAAA'),7,'김윤석'),
     (1,UNHEX('CCCCCAAAAAAAAAAAAAAAAAAAAAAADDDD'),7,'신명훈'),
     (1,UNHEX('CCCCCAAAAAAAAAAAAAAAAEEAAAAADDDD'),7,'이찬석'),
     (1,UNHEX('CCCCCAAAAAAAAAABBBAAAEEAAAAADDDD'),7,'박은채'),
     (1,UNHEX('05EA49CFD91F41A0BE63CACE1718DE71'),8,'안유진'),
     (1,UNHEX('AAAAAAAAAAAAAAAAAAAAAAAAAAAAAAAA'),8,'이재웅'),
     (1,UNHEX('CCCCCAAAAAAAAAAAAAAAAAAAAAAAAAAA'),8,'김윤석'),
     (1,UNHEX('CCCCCAAAAAAAAAAAAAAAAAAAAAAADDDD'),8,'신명훈'),
     (1,UNHEX('CCCCCAAAAAAAAAAAAAAAAEEAAAAADDDD'),8,'이찬석'),
     (1,UNHEX('CCCCCAAAAAAAAAABBBAAAEEAAAAADDDD'),8,'박은채'),
     (1,UNHEX('05EA49CFD91F41A0BE63CACE1718DE71'),9,'안유진'),
     (1,UNHEX('AAAAAAAAAAAAAAAAAAAAAAAAAAAAAAAA'),9,'이재웅'),
     (1,UNHEX('CCCCCAAAAAAAAAAAAAAAAAAAAAAAAAAA'),9,'김윤석'),
     (1,UNHEX('CCCCCAAAAAAAAAAAAAAAAAAAAAAADDDD'),9,'신명훈'),
     (1,UNHEX('CCCCCAAAAAAAAAAAAAAAAEEAAAAADDDD'),9,'이찬석'),
     (1,UNHEX('CCCCCAAAAAAAAAABBBAAAEEAAAAADDDD'),9,'박은채'),
     (1,UNHEX('05EA49CFD91F41A0BE63CACE1718DE71'),10,'안유진'),
     (1,UNHEX('AAAAAAAAAAAAAAAAAAAAAAAAAAAAAAAA'),10,'이재웅'),
     (1,UNHEX('CCCCCAAAAAAAAAAAAAAAAAAAAAAAAAAA'),10,'김윤석'),
     (1,UNHEX('CCCCCAAAAAAAAAAAAAAAAAAAAAAADDDD'),10,'신명훈'),
     (1,UNHEX('CCCCCAAAAAAAAAAAAAAAAEEAAAAADDDD'),10,'이찬석'),
     (1,UNHEX('CCCCCAAAAAAAAAABBBAAAEEAAAAADDDD'),10,'박은채'),
     (1,UNHEX('05EA49CFD91F41A0BE63CACE1718DE71'),11,'안유진'),
     (1,UNHEX('AAAAAAAAAAAAAAAAAAAAAAAAAAAAAAAA'),11,'이재웅'),
     (1,UNHEX('CCCCCAAAAAAAAAAAAAAAAAAAAAAAAAAA'),11,'김윤석'),
     (1,UNHEX('CCCCCAAAAAAAAAAAAAAAAAAAAAAADDDD'),11,'신명훈'),
     (1,UNHEX('CCCCCAAAAAAAAAAAAAAAAEEAAAAADDDD'),11,'이찬석'),
     (1,UNHEX('CCCCCAAAAAAAAAABBBAAAEEAAAAADDDD'),11,'박은채'),
     (1,UNHEX('05EA49CFD91F41A0BE63CACE1718DE71'),12,'안유진'),
     (1,UNHEX('AAAAAAAAAAAAAAAAAAAAAAAAAAAAAAAA'),12,'이재웅'),
     (1,UNHEX('CCCCCAAAAAAAAAAAAAAAAAAAAAAAAAAA'),12,'김윤석'),
     (1,UNHEX('CCCCCAAAAAAAAAAAAAAAAAAAAAAADDDD'),12,'신명훈'),
     (1,UNHEX('CCCCCAAAAAAAAAAAAAAAAEEAAAAADDDD'),12,'이찬석'),
     (1,UNHEX('CCCCCAAAAAAAAAABBBAAAEEAAAAADDDD'),12,'박은채'),
     (1,UNHEX('05EA49CFD91F41A0BE63CACE1718DE71'),13,'안유진'),
     (1,UNHEX('AAAAAAAAAAAAAAAAAAAAAAAAAAAAAAAA'),13,'이재웅'),
     (1,UNHEX('CCCCCAAAAAAAAAAAAAAAAAAAAAAAAAAA'),13,'김윤석'),
     (1,UNHEX('CCCCCAAAAAAAAAAAAAAAAAAAAAAADDDD'),13,'신명훈'),
     (1,UNHEX('CCCCCAAAAAAAAAAAAAAAAEEAAAAADDDD'),13,'이찬석'),
     (1,UNHEX('CCCCCAAAAAAAAAABBBAAAEEAAAAADDDD'),13,'박은채'),
     (1,UNHEX('05EA49CFD91F41A0BE63CACE1718DE71'),14,'안유진'),
     (1,UNHEX('AAAAAAAAAAAAAAAAAAAAAAAAAAAAAAAA'),14,'이재웅'),
     (1,UNHEX('CCCCCAAAAAAAAAAAAAAAAAAAAAAAAAAA'),14,'김윤석'),
     (1,UNHEX('CCCCCAAAAAAAAAAAAAAAAAAAAAAADDDD'),14,'신명훈'),
     (1,UNHEX('CCCCCAAAAAAAAAAAAAAAAEEAAAAADDDD'),14,'이찬석'),
     (1,UNHEX('CCCCCAAAAAAAAAABBBAAAEEAAAAADDDD'),14,'박은채'),
     (1,UNHEX('05EA49CFD91F41A0BE63CACE1718DE71'),15,'안유진'),
     (1,UNHEX('AAAAAAAAAAAAAAAAAAAAAAAAAAAAAAAA'),15,'이재웅'),
     (1,UNHEX('CCCCCAAAAAAAAAAAAAAAAAAAAAAAAAAA'),15,'김윤석'),
     (1,UNHEX('CCCCCAAAAAAAAAAAAAAAAAAAAAAADDDD'),15,'신명훈'),
     (1,UNHEX('CCCCCAAAAAAAAAAAAAAAAEEAAAAADDDD'),15,'이찬석'),
     (1,UNHEX('CCCCCAAAAAAAAAABBBAAAEEAAAAADDDD'),15,'박은채'),
     (1,UNHEX('05EA49CFD91F41A0BE63CACE1718DE71'),16,'안유진'),
     (1,UNHEX('AAAAAAAAAAAAAAAAAAAAAAAAAAAAAAAA'),16,'이재웅'),
     (1,UNHEX('CCCCCAAAAAAAAAAAAAAAAAAAAAAAAAAA'),16,'김윤석'),
     (1,UNHEX('CCCCCAAAAAAAAAAAAAAAAAAAAAAADDDD'),16,'신명훈'),
     (1,UNHEX('CCCCCAAAAAAAAAAAAAAAAEEAAAAADDDD'),16,'이찬석'),
     (1,UNHEX('CCCCCAAAAAAAAAABBBAAAEEAAAAADDDD'),16,'박은채'),
     (0,UNHEX('05EA49CFD91F41A0BE63CACE1718DE71'),1,'안유진'),
     (0,UNHEX('AAAAAAAAAAAAAAAAAAAAAAAAAAAAAAAA'),1,'이재웅'),
     (0,UNHEX('CCCCCAAAAAAAAAAAAAAAAAAAAAAAAAAA'),1,'김윤석'),
     (0,UNHEX('CCCCCAAAAAAAAAAAAAAAAAAAAAAADDDD'),1,'신명훈'),
     (0,UNHEX('CCCCCAAAAAAAAAAAAAAAAEEAAAAADDDD'),1,'이찬석'),
     (0,UNHEX('CCCCCAAAAAAAAAABBBAAAEEAAAAADDDD'),1,'박은채'),
     (0,UNHEX('AAAAAAAAAAAAAAAAAAAAAAAAAAAAAAAA'),3,'이재웅'),
     (0,UNHEX('CCCCCAAAAAAAAAAAAAAAAAAAAAAAAAAA'),3,'김윤석'),
     (0,UNHEX('CCCCCAAAAAAAAAAAAAAAAAAAAAAADDDD'),3,'신명훈'),
     (0,UNHEX('CCCCCAAAAAAAAAAAAAAAAEEAAAAADDDD'),3,'이찬석'),
     (0,UNHEX('CCCCCAAAAAAAAAABBBAAAEEAAAAADDDD'),3,'박은채'),
     (0,UNHEX('05EA49CFD91F41A0BE63CACE1718DE71'),4,'안유진'),
     (0,UNHEX('AAAAAAAAAAAAAAAAAAAAAAAAAAAAAAAA'),4,'이재웅'),
     (0,UNHEX('CCCCCAAAAAAAAAAAAAAAAAAAAAAAAAAA'),4,'김윤석'),
     (0,UNHEX('CCCCCAAAAAAAAAAAAAAAAAAAAAAADDDD'),4,'신명훈'),
     (0,UNHEX('CCCCCAAAAAAAAAAAAAAAAEEAAAAADDDD'),4,'이찬석'),
     (0,UNHEX('CCCCCAAAAAAAAAABBBAAAEEAAAAADDDD'),4,'박은채'),
     (0,UNHEX('05EA49CFD91F41A0BE63CACE1718DE71'),5,'안유진'),
     (0,UNHEX('AAAAAAAAAAAAAAAAAAAAAAAAAAAAAAAA'),5,'이재웅'),
     (0,UNHEX('CCCCCAAAAAAAAAAAAAAAAAAAAAAAAAAA'),5,'김윤석'),
     (0,UNHEX('CCCCCAAAAAAAAAAAAAAAAAAAAAAADDDD'),5,'신명훈'),
     (0,UNHEX('CCCCCAAAAAAAAAAAAAAAAEEAAAAADDDD'),5,'이찬석'),
     (0,UNHEX('CCCCCAAAAAAAAAABBBAAAEEAAAAADDDD'),5,'박은채'),
     (0,UNHEX('05EA49CFD91F41A0BE63CACE1718DE71'),6,'안유진'),
     (0,UNHEX('AAAAAAAAAAAAAAAAAAAAAAAAAAAAAAAA'),6,'이재웅'),
     (0,UNHEX('CCCCCAAAAAAAAAAAAAAAAAAAAAAAAAAA'),6,'김윤석'),
     (0,UNHEX('CCCCCAAAAAAAAAAAAAAAAAAAAAAADDDD'),6,'신명훈'),
     (0,UNHEX('CCCCCAAAAAAAAAAAAAAAAEEAAAAADDDD'),6,'이찬석'),
     (0,UNHEX('CCCCCAAAAAAAAAABBBAAAEEAAAAADDDD'),6,'박은채'),
     (0,UNHEX('05EA49CFD91F41A0BE63CACE1718DE71'),7,'안유진'),
     (0,UNHEX('AAAAAAAAAAAAAAAAAAAAAAAAAAAAAAAA'),7,'이재웅'),
     (0,UNHEX('CCCCCAAAAAAAAAAAAAAAAAAAAAAAAAAA'),7,'김윤석'),
     (0,UNHEX('CCCCCAAAAAAAAAAAAAAAAAAAAAAADDDD'),7,'신명훈'),
     (0,UNHEX('CCCCCAAAAAAAAAAAAAAAAEEAAAAADDDD'),7,'이찬석'),
     (0,UNHEX('CCCCCAAAAAAAAAABBBAAAEEAAAAADDDD'),7,'박은채'),
     (0,UNHEX('05EA49CFD91F41A0BE63CACE1718DE71'),8,'안유진'),
     (0,UNHEX('AAAAAAAAAAAAAAAAAAAAAAAAAAAAAAAA'),8,'이재웅'),
     (0,UNHEX('CCCCCAAAAAAAAAAAAAAAAAAAAAAAAAAA'),8,'김윤석'),
     (0,UNHEX('CCCCCAAAAAAAAAAAAAAAAAAAAAAADDDD'),8,'신명훈'),
     (0,UNHEX('CCCCCAAAAAAAAAAAAAAAAEEAAAAADDDD'),8,'이찬석'),
     (0,UNHEX('CCCCCAAAAAAAAAABBBAAAEEAAAAADDDD'),8,'박은채'),
     (0,UNHEX('05EA49CFD91F41A0BE63CACE1718DE71'),9,'안유진'),
     (0,UNHEX('AAAAAAAAAAAAAAAAAAAAAAAAAAAAAAAA'),9,'이재웅'),
     (0,UNHEX('CCCCCAAAAAAAAAAAAAAAAAAAAAAAAAAA'),9,'김윤석'),
     (0,UNHEX('CCCCCAAAAAAAAAAAAAAAAAAAAAAADDDD'),9,'신명훈'),
     (0,UNHEX('CCCCCAAAAAAAAAAAAAAAAEEAAAAADDDD'),9,'이찬석'),
     (0,UNHEX('CCCCCAAAAAAAAAABBBAAAEEAAAAADDDD'),9,'박은채'),
     (0,UNHEX('05EA49CFD91F41A0BE63CACE1718DE71'),10,'안유진'),
     (0,UNHEX('AAAAAAAAAAAAAAAAAAAAAAAAAAAAAAAA'),10,'이재웅'),
     (0,UNHEX('CCCCCAAAAAAAAAAAAAAAAAAAAAAAAAAA'),10,'김윤석'),
     (0,UNHEX('CCCCCAAAAAAAAAAAAAAAAAAAAAAADDDD'),10,'신명훈'),
     (0,UNHEX('CCCCCAAAAAAAAAAAAAAAAEEAAAAADDDD'),10,'이찬석'),
     (0,UNHEX('CCCCCAAAAAAAAAABBBAAAEEAAAAADDDD'),10,'박은채'),
     (0,UNHEX('05EA49CFD91F41A0BE63CACE1718DE71'),11,'안유진'),
     (0,UNHEX('AAAAAAAAAAAAAAAAAAAAAAAAAAAAAAAA'),11,'이재웅'),
     (0,UNHEX('CCCCCAAAAAAAAAAAAAAAAAAAAAAAAAAA'),11,'김윤석'),
     (0,UNHEX('CCCCCAAAAAAAAAAAAAAAAAAAAAAADDDD'),11,'신명훈'),
     (0,UNHEX('CCCCCAAAAAAAAAAAAAAAAEEAAAAADDDD'),11,'이찬석'),
     (0,UNHEX('CCCCCAAAAAAAAAABBBAAAEEAAAAADDDD'),11,'박은채'),
     (0,UNHEX('05EA49CFD91F41A0BE63CACE1718DE71'),12,'안유진'),
     (0,UNHEX('AAAAAAAAAAAAAAAAAAAAAAAAAAAAAAAA'),12,'이재웅'),
     (0,UNHEX('CCCCCAAAAAAAAAAAAAAAAAAAAAAAAAAA'),12,'김윤석'),
     (0,UNHEX('CCCCCAAAAAAAAAAAAAAAAAAAAAAADDDD'),12,'신명훈'),
     (0,UNHEX('CCCCCAAAAAAAAAAAAAAAAEEAAAAADDDD'),12,'이찬석'),
     (0,UNHEX('CCCCCAAAAAAAAAABBBAAAEEAAAAADDDD'),12,'박은채'),
     (0,UNHEX('05EA49CFD91F41A0BE63CACE1718DE71'),13,'안유진'),
     (0,UNHEX('AAAAAAAAAAAAAAAAAAAAAAAAAAAAAAAA'),13,'이재웅'),
     (0,UNHEX('CCCCCAAAAAAAAAAAAAAAAAAAAAAAAAAA'),13,'김윤석'),
     (0,UNHEX('CCCCCAAAAAAAAAAAAAAAAAAAAAAADDDD'),13,'신명훈'),
     (0,UNHEX('CCCCCAAAAAAAAAAAAAAAAEEAAAAADDDD'),13,'이찬석'),
     (0,UNHEX('CCCCCAAAAAAAAAABBBAAAEEAAAAADDDD'),13,'박은채'),
     (0,UNHEX('05EA49CFD91F41A0BE63CACE1718DE71'),14,'안유진'),
     (0,UNHEX('AAAAAAAAAAAAAAAAAAAAAAAAAAAAAAAA'),14,'이재웅'),
     (0,UNHEX('CCCCCAAAAAAAAAAAAAAAAAAAAAAAAAAA'),14,'김윤석'),
     (0,UNHEX('CCCCCAAAAAAAAAAAAAAAAAAAAAAADDDD'),14,'신명훈'),
     (0,UNHEX('CCCCCAAAAAAAAAAAAAAAAEEAAAAADDDD'),14,'이찬석'),
     (0,UNHEX('CCCCCAAAAAAAAAABBBAAAEEAAAAADDDD'),14,'박은채'),
     (0,UNHEX('05EA49CFD91F41A0BE63CACE1718DE71'),15,'안유진'),
     (0,UNHEX('AAAAAAAAAAAAAAAAAAAAAAAAAAAAAAAA'),15,'이재웅'),
     (0,UNHEX('CCCCCAAAAAAAAAAAAAAAAAAAAAAAAAAA'),15,'김윤석'),
     (0,UNHEX('CCCCCAAAAAAAAAAAAAAAAAAAAAAADDDD'),15,'신명훈'),
     (0,UNHEX('CCCCCAAAAAAAAAAAAAAAAEEAAAAADDDD'),15,'이찬석'),
     (0,UNHEX('CCCCCAAAAAAAAAABBBAAAEEAAAAADDDD'),15,'박은채'),
     (0,UNHEX('05EA49CFD91F41A0BE63CACE1718DE71'),16,'안유진'),
     (0,UNHEX('AAAAAAAAAAAAAAAAAAAAAAAAAAAAAAAA'),16,'이재웅'),
     (0,UNHEX('CCCCCAAAAAAAAAAAAAAAAAAAAAAAAAAA'),16,'김윤석'),
     (0,UNHEX('CCCCCAAAAAAAAAAAAAAAAAAAAAAADDDD'),16,'신명훈'),
     (0,UNHEX('CCCCCAAAAAAAAAAAAAAAAEEAAAAADDDD'),16,'이찬석'),
     (0,UNHEX('CCCCCAAAAAAAAAABBBAAAEEAAAAADDDD'),16,'박은채'),
     (1,UNHEX('05EA49CFD91F41A0BE63CACE1718DE71'),18,'안유진'),
     (1,UNHEX('05EA49CFD91F41A0BE63CACE1718DE71'),19,'안유진'),
     (1,UNHEX('05EA49CFD91F41A0BE63CACE1718DE71'),20,'안유진'),
     (1,UNHEX('05EA49CFD91F41A0BE63CACE1718DE71'),21,'안유진');


INSERT INTO jungle_slam.tabs (name,workspace_id,section_id,url) VALUES
     ('정글 공지 채널',1,1,NULL),
     ('Q&A',1,1,NULL),
     ('[WEEK01] 알고리즘 기초, 재귀 함수, 정렬, 완전탐색',1,2,NULL),
     ('[WEEK02] 이분탐색, 분할정복, 스택, 큐, 우선순위 큐',1,2,NULL),
     ('[WEEK03] 그래프, BFS, DFS, 위상정렬',1,2,NULL),
     ('[WEEK04] 동적 프로그래밍, 그리디 알고리즘',1,2,NULL),
     ('[WEEK05] C언어, 자료구조, 알고리즘',1,2,NULL),
     ('[WEEK06] Red-Black Tree',1,2,NULL),
     ('[WEEK07] Malloc Lab',1,2,NULL),
     ('[WEEK08] 웹서버 만들기',1,2,NULL),
     ('[WEEK09](PintOS)Threads',1,2,NULL),
     ('[WEEK10-11](PintOS) User Programs',1,2,NULL),
     ('[WEEK12-13](PintOS)Virtual Memory',1,2,NULL),
     ('307호',1,3,NULL),
     ('나만무3팀',1,3,NULL),
     ('9기 공지',1,1,NULL),
     ('10기 공지',1,1,NULL),
     ('농구 사기단',1,3,NULL),
     ('전체 공지',1,1,NULL),
     ('301호',1,3,NULL),
     ('306호',1,3,NULL);
    
INSERT INTO jungle_slam.member_roles (user_id, role_id, user_name)
VALUES
  (UNHEX('1F61345F5C8611F0A8650242AC110002'), 3, '임구철'),
  (UNHEX('42E101A25C8611F0A8650242AC110002'), 3, '정진영'),
  (UNHEX('545A4AB45C8611F0A8650242AC110002'), 3, '정경호'),
  (UNHEX('03DF0C255C8611F0A8650242AC110002'), 3, '이민하'),
  (UNHEX('32F2411E5C8611F0A8650242AC110002'), 3, '임준혁'),
  (UNHEX('AAAAAAAAAAAAAAAAAAAAAAAAAAAAAAAA'), 1, '이재웅'),
  (UNHEX('05EA49CFD91F41A0BE63CACE1718DE71'), 1, '안유진'),
  (UNHEX('CCCCCAAAAAAAAAAAAAAAAAAAAAAADDDD'), 1, '신명훈'),
  (UNHEX('CCCCCAAAAAAAAAAAAAAAAEEAAAAADDDD'), 1, '이찬석'),
  (UNHEX('CCCCCAAAAAAAAAABBBAAAEEAAAAADDDD'), 1, '박은채'),
  (UNHEX('8430DCCE5C1411F0A6350242AC110002'), 2, '이동석코치님'),
  (UNHEX('CEF6C2175C1711F0A8650242AC110002'), 2, '유윤선코치님'),
  (UNHEX('802E0FE95C8611F0A8650242AC110002'), 3, '최효식'),
  (UNHEX('6F0AC5FD5C8411F0A8650242AC110002'), 3, '김세현'),
  (UNHEX('9F95C1F15C8411F0A8650242AC110002'), 3, '김준혁'),
  (UNHEX('BEA1232F5C8511F0A8650242AC110002'), 3, '박은범'),
  (UNHEX('E662D0245C8511F0A8650242AC110002'), 3, '손채민'),
  (UNHEX('CCCCCAAAAAAAAAAAAAAAAAAAAAAAAAAA'), 3, '김윤석');

INSERT INTO jungle_slam.users (id,name,email,provider,provider_id,workspace_id) VALUES
     (UNHEX('03DF0C255C8611F0A8650242AC110002'),'이민하','minhyay01@gmail.com','local',NULL,1),
     (UNHEX('05EA49CFD91F41A0BE63CACE1718DE71'),'안유진','anewjean00@gmail.com','google','115239687263793657172',1),
     (UNHEX('1F61345F5C8611F0A8650242AC110002'),'임구철','goochul175465@gmail.com','local',NULL,1),
     (UNHEX('32F2411E5C8611F0A8650242AC110002'),'임준혁','jhim0228@gmail.com','local',NULL,1),
     (UNHEX('42E101A25C8611F0A8650242AC110002'),'정진영','jy.juniper.jeong@gmail.com','local',NULL,1),
     (UNHEX('545A4AB45C8611F0A8650242AC110002'),'정경호','jkhkorea2028@gmail.com','local',NULL,1),
     (UNHEX('6F0AC5FD5C8411F0A8650242AC110002'),'김세현','sehyun5004@gmail.com','local',NULL,1),
     (UNHEX('802E0FE95C8611F0A8650242AC110002'),'최효식','gytlr0785@gmail.com','local',NULL,1),
     (UNHEX('8430DCCE5C1411F0A6350242AC110002'),'이동석코치님','dongseok@gmail.com','local',NULL,1),
     (UNHEX('9F95C1F15C8411F0A8650242AC110002'),'김준혁','kjh91207@gmail.com','local',NULL,1),
     (UNHEX('AAAAAAAAAAAAAAAAAAAAAAAAAAAAAAAA'),'이재웅','iamlee103@gmail.com','google','117720446956390792239',1),
     (UNHEX('BEA1232F5C8511F0A8650242AC110002'),'박은범','eun4005@gmail.com','local',NULL,1),
     (UNHEX('CCCCCAAAAAAAAAAAAAAAAAAAAAAAAAAA'),'김윤석','yunsuk224@gmail.com','google','102405209671119574595',1),
     (UNHEX('CCCCCAAAAAAAAAAAAAAAAAAAAAAADDDD'),'신명훈','irootw11@gmail.com','google','102959621092836114036',1),
     (UNHEX('CCCCCAAAAAAAAAAAAAAAAEEAAAAADDDD'),'이찬석','dl9704tjr@gmail.com','google','111699399539889639007',1),
     (UNHEX('CCCCCAAAAAAAAAABBBAAAEEAAAAADDDD'),'박은채','ghkqh09@gmail.com','google','116758020634952483923',1),
     (UNHEX('CEF6C2175C1711F0A8650242AC110002'),'유윤선코치님','uuu@gmail.com','local',NULL,1),
     (UNHEX('E662D0245C8511F0A8650242AC110002'),'손채민','sonchaemin89@gmail.com','local',NULL,1);

INSERT INTO jungle_slam.workspace_members (id,user_id,workspace_id,nickname,email,image,github,blog) VALUES
    (UNHEX('04C520DA5C8611F0A8650242AC110002'), UNHEX('03DF0C255C8611F0A8650242AC110002'), 1, '이민하', 'minhyay01@gmail.com', NULL, NULL, NULL),
    (UNHEX('2066CA895C8611F0A8650242AC110002'), UNHEX('1F61345F5C8611F0A8650242AC110002'), 1, '임구철', 'goochul175465@gmail.com', NULL, NULL, NULL),
    (UNHEX('3546C7635C8611F0A8650242AC110002'), UNHEX('32F2411E5C8611F0A8650242AC110002'), 1, '임준혁', 'jhim0228@gmail.com', NULL, NULL, NULL),
    (UNHEX('4598DA5E5C8611F0A8650242AC110002'), UNHEX('42E101A25C8611F0A8650242AC110002'), 1, '정진영', 'jy.juniper.jeong@gmail.com', NULL, NULL, NULL),
    (UNHEX('5627A73F5C8611F0A8650242AC110002'), UNHEX('545A4AB45C8611F0A8650242AC110002'), 1, '정경호', 'jkhkorea2028@gmail.com', NULL, NULL, NULL),
    (UNHEX('80DAEE565C8611F0A8650242AC110002'), UNHEX('802E0FE95C8611F0A8650242AC110002'), 1, '최효식', 'gytlr0785@gmail.com', NULL, NULL, NULL),
    (UNHEX('85049B055C8411F0A8650242AC110002'), UNHEX('6F0AC5FD5C8411F0A8650242AC110002'), 1, '김세현', 'sehyun5004@gmail.com', NULL, NULL, NULL),
    (UNHEX('88C4AC635BFF11F0A1F20242AC110002'), UNHEX('AAAAAAAAAAAAAAAAAAAAAAAAAAAAAAAA'), 1, '이재웅', 'iamlee103@gmail.com', 'https://stqnq5ux4599.edge.naverncp.com/data2/content/image/2023/04/24/.cache/512/202304240914899.jpg', 'https://github.com/jaewoong', 'https://blog.jaewoong.dev'),
    (UNHEX('88C4AF655BFF11F0A1F20242AC110002'), UNHEX('05EA49CFD91F41A0BE63CACE1718DE71'), 1, '안유진', 'anewjean00@gmail.com', 'https://image.fnnews.com/resource/media/image/2023/10/14/202310140602016302_l.jpg', 'https://github.com/bob', 'https://blog.bob.dev'),
    (UNHEX('88C4B0EA5BFF11F0A1F20242AC110002'), UNHEX('CCCCCAAAAAAAAAAAAAAAAAAAAAAAAAAA'), 1, '김윤석', 'yunsuk224@gmail.com', 'https://i.namu.wiki/i/TaNHF90GTgXSwRxcX8rCC9MGWwP9viBkpx6qlHQ6rgA-mq0ydwL9EIjfDbNirNp5Df_bL6SGO31sCGVlk_H2-WRKV0oedSqf7AVlhh2jwsDoraYX1FGc27vCeEk2lr4l9fW1LuPxGOH2W53wqrlbAg.webp', 'https://github.com/rasegqw', 'https://blog.alice.dev'),
    (UNHEX('88C4B1755BFF11F0A1F20242AC110002'), UNHEX('CCCCCAAAAAAAAAAAAAAAAAAAAAAADDDD'), 1, '신명훈', 'irootw11@gmail.com', 'https://i.namu.wiki/i/izVXkClWRy9-s5DAkC_lGo3za4Zy9seGH1V6AM0qZJzsckE9eWe6-Hp-1OvJm_DkVv7BL7U0Ar7QB89ApaklkQ.webp', 'https://github.com/alice', 'https://blog.alice.dev'),
    (UNHEX('88C4B1E85BFF11F0A1F20242AC110002'), UNHEX('CCCCCAAAAAAAAAAAAAAAAEEAAAAADDDD'), 1, '이찬석', 'dl9704tjr@gmail.com', 'https://media1.tenor.com/m/JZTIyLcEhKAAAAAd/%ED%95%91%EA%B5%AC-%ED%95%91%EA%B5%AC-%EB%AC%BC%EA%B0%9C.gif', 'https://githu1b.com/alice', 'https://blog.alice.dev'),
    (UNHEX('88C4B2555BFF11F0A1F20242AC110002'), UNHEX('CCCCCAAAAAAAAAABBBAAAEEAAAAADDDD'), 1, '박은채', 'ghkqh09@gmail.com', 'https://image-cdn.hypb.st/https%3A%2F%2Fkr.hypebeast.com%2Ffiles%2F2023%2F09%2Faa-run-hani-s-production-released-a-follow-up-model-trailer-info-01.jpg?q=75&w=800&cbr=1&fit=max', 'https://github.com/alice', 'https://blog.alice.dev'),
    (UNHEX('A07609D85C8411F0A8650242AC110002'), UNHEX('9F95C1F15C8411F0A8650242AC110002'), 1, '김준혁', 'kjh91207@gmail.com', NULL, NULL, NULL),
    (UNHEX('C6CB40145C8511F0A8650242AC110002'), UNHEX('BEA1232F5C8511F0A8650242AC110002'), 1, '박은범', 'eun4005@gmail.com', NULL, NULL, NULL),
    (UNHEX('E0DBC45F5C1711F0A8650242AC110002'), UNHEX('CEF6C2175C1711F0A8650242AC110002'), 1, '유윤선코치님', 'uuu@gmail.com', 'https://velog.velcdn.com/images/seeh_h/post/a83a9cf0-2365-4946-9d0d-96ec782c4c86/image.png', NULL, NULL),
    (UNHEX('E7159E115C8511F0A8650242AC110002'), UNHEX('E662D0245C8511F0A8650242AC110002'), 1, '손채민', 'sonchaemin89@gmail.com', NULL, NULL, NULL),
    (UNHEX('F11E8FC75C1411F0A6350242AC110002'), UNHEX('8430DCCE5C1411F0A6350242AC110002'), 1, '이동석코치님', 'dongseok@gmail.com', 'https://upload.wikimedia.org/wikipedia/commons/5/5a/SOL%EC%BA%90%EB%A6%AD%ED%84%B0.png', NULL, NULL);


INSERT INTO jungle_slam.workspaces (name) VALUES
     ('정글'),
     ('게임랩'),
     ('게임테크랩');